{"cameraMode":{"drawMode":0,"name":"Shaded","section":"Shading Mode"},"sceneLighting":true,"audioPlay":false,"sceneViewState":{"showFog":true,"showMaterialUpdate":false,"showSkybox":true,"showFlares":true,"showImageEffects":true,"showParticleSystems":true},"in2DMode":false,"pivot":{"x":0.6235730648040772,"y":0.9436607360839844,"z":0.44583606719970705},"rotation":{"x":-0.231758251786232,"y":0.4066474139690399,"z":-0.1074458509683609,"w":-0.8771734833717346},"size":3.6116342544555666,"orthographic":false}