{"cameraMode":{"drawMode":0,"name":"Shaded","section":"Shading Mode"},"sceneLighting":true,"audioPlay":false,"sceneViewState":{"showFog":true,"showMaterialUpdate":false,"showSkybox":true,"showFlares":true,"showImageEffects":true,"showParticleSystems":true},"in2DMode":false,"pivot":{"x":341.2625732421875,"y":288.247802734375,"z":-674.8563232421875},"rotation":{"x":-0.07574587315320969,"y":0.8802183866500855,"z":-0.150067538022995,"w":-0.44386690855026247},"size":3736.082763671875,"orthographic":false}