{"cameraMode":{"drawMode":0,"name":"Shaded","section":"Shading Mode"},"sceneLighting":true,"audioPlay":false,"sceneViewState":{"showFog":true,"showMaterialUpdate":false,"showSkybox":true,"showFlares":true,"showImageEffects":true,"showParticleSystems":true},"in2DMode":false,"pivot":{"x":3.06290602684021,"y":154.70101928710938,"z":0.3569011688232422},"rotation":{"x":-0.4682229459285736,"y":-0.1977153718471527,"z":0.10833525657653809,"w":-0.8544087409973145},"size":12.247210502624512,"orthographic":false}