{"cameraMode":{"drawMode":0,"name":"Shaded","section":"Shading Mode"},"sceneLighting":true,"audioPlay":false,"sceneViewState":{"showFog":true,"showMaterialUpdate":false,"showSkybox":true,"showFlares":true,"showImageEffects":true,"showParticleSystems":true},"in2DMode":false,"pivot":{"x":3.2123055458068849,"y":1.3197940587997437,"z":-1.5396510362625123},"rotation":{"x":-0.15237227082252503,"y":0.3918171226978302,"z":-0.06597339361906052,"w":-0.9049646854400635},"size":0.43254953622817995,"orthographic":false}